-- 더미 데이터 넣기

-- users 테이블에 더미 데이터 추가
INSERT INTO users (user_id, user_email, password, user_name, user_birth, gender)
VALUES ('user1', 'user1@artu.com', 'artuartu', 'Alice', '1990-01-01', 'F'),
      ('user2', 'user2@artu.com', 'artuartu', 'Bob', '1985-05-15', 'M'),
      ('user3', 'user3@artu.com', 'artuartu', 'Charlie', '1992-08-30', 'M'),
      ('user4', 'user4@artu.com', 'artuartu', 'Diana', '1988-03-25', 'F'),
      ('user5', 'user5@artu.com', 'artuartu', 'Eve', '1995-07-10', 'F'),
      ('user6', 'user6@artu.com', 'artuartu', 'devel', '1999-12-30', 'M'),
      ('user7', 'mike_w@email.com', 'artuartu', 'Mike Wilson', '1990-07-15', 'M'),
      ('user8', 'anna_p@email.com', 'artuartu', 'Anna Park', '1988-06-20', 'F'),
      ('user9', 'james_k@email.com', 'artuartu', 'James Kim', '1995-09-12', 'M'),
      ('user10', 'rachel_d@email.com', 'artuartu', 'Rachel Davis', '1985-04-21', 'F'),
      ('user11', 'lucas_h@email.com', 'artuartu', 'Lucas Hill', '1992-12-03', 'M'),
      ('user12', 'sophie_c@email.com', 'artuartu', 'Sophie Chan', '1998-11-22', 'F'),
      ('user13', 'jack_m@email.com', 'artuartu', 'Jack Miller', '1993-05-05', 'M'),
      ('user14', 'olivia_s@email.com', 'artuartu', 'Olivia Smith', '1990-01-17', 'F'),
      ('user15', 'henry_l@email.com', 'artuartu', 'Henry Long', '1982-10-10', 'M'),
      ('user16', 'emma_w@email.com', 'artuartu', 'Emma White', '1996-08-30', 'F'),
      ('user17', 'daniel_r@email.com', 'artuartu', 'Daniel Robinson', '1994-05-14', 'M'),
      ('user18', 'chloe_b@email.com', 'artuartu', 'Chloe Brown', '1989-02-28', 'F'),
      ('user19', 'liam_t@email.com', 'artuartu', 'Liam Turner', '1991-03-12', 'M'),
      ('user20', 'mia_j@email.com', 'artuartu', 'Mia Johnson', '1986-09-19', 'F'),
      ('user1001', 'user1001@artu.com', 'artuartu', '김민수', '1990-01-01', 'M'),
      ('user1002', 'user1002@artu.com', 'artuartu', '이영희', '1992-02-14', 'F'),
      ('user1003', 'user1003@artu.com', 'artuartu', '박철수', '1988-03-25', 'M'),
      ('user1004', 'user1004@artu.com', 'artuartu', '정지영', '1991-04-17', 'F'),
      ('user1005', 'user1005@artu.com', 'artuartu', '조현우', '1987-05-29', 'M'),
      ('user1006', 'user1006@artu.com', 'artuartu', '강다현', '1993-06-11', 'F'),
      ('user1007', 'user1007@artu.com', 'artuartu', '윤석원', '1995-07-23', 'M'),
      ('user1008', 'user1008@artu.com', 'artuartu', '최은지', '1994-08-05', 'F'),
      ('user1009', 'user1009@artu.com', 'artuartu', '임승호', '1996-09-16', 'M'),
      ('user1010', 'user1010@artu.com', 'artuartu', '배수진', '1997-10-28', 'F'),
      ('user1011', 'user1011@artu.com', 'artuartu', '김지훈', '1989-11-30', 'M'),
      ('user1012', 'user1012@artu.com', 'artuartu', '오세진', '1992-12-02', 'F'),
      ('user1013', 'user1013@artu.com', 'artuartu', '이수현', '1990-01-10', 'F'),
      ('user1014', 'user1014@artu.com', 'artuartu', '박준호', '1987-02-12', 'M'),
      ('user1015', 'user1015@artu.com', 'artuartu', '정민규', '1991-03-24', 'M'),
      ('user1016', 'user1016@artu.com', 'artuartu', '최은지', '1995-04-06', 'F'),
      ('user1017', 'user1017@artu.com', 'artuartu', '윤지호', '1996-05-18', 'M'),
      ('user1018', 'user1018@artu.com', 'artuartu', '김미진', '1990-06-01', 'F'),
      ('user1019', 'user1019@artu.com', 'artuartu', '정다혜', '1997-07-13', 'F'),
      ('user1020', 'user1020@artu.com', 'artuartu', '박기영', '1993-08-25', 'M'),
      ('user1021', 'user1021@artu.com', 'artuartu', '이선호', '1988-09-07', 'M'),
      ('user1022', 'user1022@artu.com', 'artuartu', '조은영', '1992-10-19', 'F'),
      ('user1023', 'user1023@artu.com', 'artuartu', '김재원', '1994-11-01', 'M'),
      ('user1024', 'user1024@artu.com', 'artuartu', '오지훈', '1995-12-13', 'M'),
      ('user1025', 'user1025@artu.com', 'artuartu', '정은희', '1993-01-26', 'F'),
      ('user1026', 'user1026@artu.com', 'artuartu', '이진수', '1990-02-08', 'M'),
      ('user1027', 'user1027@artu.com', 'artuartu', '조민경', '1987-03-20', 'F'),
      ('user1028', 'user1028@artu.com', 'artuartu', '박수지', '1992-04-02', 'F'),
      ('user1029', 'user1029@artu.com', 'artuartu', '김윤지', '1993-05-14', 'F'),
      ('user1030', 'user1030@artu.com', 'artuartu', '정현지', '1991-06-26', 'F'),
      ('user1031', 'user1031@artu.com', 'artuartu', '윤상현', '1994-07-08', 'M'),
      ('user1032', 'user1032@artu.com', 'artuartu', '강호정', '1996-08-20', 'M'),
      ('user1033', 'user1033@artu.com', 'artuartu', '이동호', '1995-09-01', 'M'),
      ('user1034', 'user1034@artu.com', 'artuartu', '박혜지', '1989-10-13', 'F'),
      ('user1035', 'user1035@artu.com', 'artuartu', '정미경', '1997-11-25', 'F'),
      ('user1036', 'user1036@artu.com', 'artuartu', '최지원', '1992-12-07', 'M'),
      ('user1037', 'user1037@artu.com', 'artuartu', '오세희', '1990-01-19', 'F'),
      ('user1038', 'user1038@artu.com', 'artuartu', '김세린', '1993-02-21', 'F'),
      ('user1039', 'user1039@artu.com', 'artuartu', '이기현', '1991-03-14', 'M'),
      ('user1040', 'user1040@artu.com', 'artuartu', '정승연', '1997-04-27', 'F'),
      ('user1041', 'user1041@artu.com', 'artuartu', '윤종훈', '1996-05-09', 'M'),
      ('user1042', 'user1042@artu.com', 'artuartu', '강유진', '1987-06-21', 'F'),
      ('user1043', 'user1043@artu.com', 'artuartu', '박도희', '1990-07-03', 'F'),
      ('user1044', 'user1044@artu.com', 'artuartu', '이수미', '1995-08-15', 'F'),
      ('user1045', 'user1045@artu.com', 'artuartu', '정하늘', '1991-09-27', 'F'),
      ('user1046', 'user1046@artu.com', 'artuartu', '김태규', '1988-10-09', 'M'),
      ('user1047', 'user1047@artu.com', 'artuartu', '조선호', '1994-11-21', 'M'),
      ('user1048', 'user1048@artu.com', 'artuartu', '박재형', '1996-12-03', 'M'),
      ('user1049', 'user1049@artu.com', 'artuartu', '정지현', '1997-01-15', 'F'),
      ('user1050', 'user1050@artu.com', 'artuartu', '이정민', '1990-02-27', 'M'),
      ('user1051', 'user1051@artu.com', 'artuartu', '강지호', '1991-03-11', 'M'),
      ('user1052', 'user1052@artu.com', 'artuartu', '박정은', '1993-04-23', 'F'),
      ('user1053', 'user1053@artu.com', 'artuartu', '정하연', '1995-05-05', 'F'),
      ('user1054', 'user1054@artu.com', 'artuartu', '오정환', '1997-06-17', 'M'),
      ('user1055', 'user1055@artu.com', 'artuartu', '이효원', '1994-07-29', 'F'),
      ('user1056', 'user1056@artu.com', 'artuartu', '김상희', '1996-08-10', 'F'),
      ('user1057', 'user1057@artu.com', 'artuartu', '정상호', '1992-09-22', 'M'),
      ('user1058', 'user1058@artu.com', 'artuartu', '윤다희', '1993-10-04', 'F'),
      ('user1059', 'user1059@artu.com', 'artuartu', '박윤수', '1995-11-16', 'M'),
      ('user1060', 'user1060@artu.com', 'artuartu', '정미선', '1987-12-28', 'F'),
      ('user1061', 'user1061@artu.com', 'artuartu', '이영수', '1994-01-09', 'M'),
      ('user1062', 'user1062@artu.com', 'artuartu', '오현수', '1996-02-21', 'M'),
      ('user1063', 'user1063@artu.com', 'artuartu', '강상혁', '1992-03-05', 'M'),
      ('user1064', 'user1064@artu.com', 'artuartu', '정영숙', '1991-04-17', 'F'),
      ('user1065', 'user1065@artu.com', 'artuartu', '김상호', '1993-05-29', 'M'),
      ('user1066', 'user1066@artu.com', 'artuartu', '박정수', '1997-06-10', 'M'),
      ('user1067', 'user1067@artu.com', 'artuartu', '이지은', '1995-07-22', 'F'),
      ('user1068', 'user1068@artu.com', 'artuartu', '정미주', '1992-08-03', 'F'),
      ('user1069', 'user1069@artu.com', 'artuartu', '윤준호', '1994-09-14', 'M'),
      ('user1070', 'user1070@artu.com', 'artuartu', '강상우', '1991-10-26', 'M'),
      ('user1071', 'user1071@artu.com', 'artuartu', '박민영', '1993-11-07', 'F'),
      ('user1072', 'user1072@artu.com', 'artuartu', '이진호', '1996-12-19', 'M'),
      ('user1073', 'user1073@artu.com', 'artuartu', '정승호', '1989-01-31', 'M'),
      ('user1074', 'user1074@artu.com', 'artuartu', '오민수', '1992-02-12', 'M'),
      ('user1075', 'user1075@artu.com', 'artuartu', '강미영', '1997-03-24', 'F'),
      ('user1076', 'user1076@artu.com', 'artuartu', '이현정', '1994-04-05', 'F'),
      ('user1077', 'user1077@artu.com', 'artuartu', '정은경', '1996-05-17', 'F'),
      ('user1078', 'user1078@artu.com', 'artuartu', '김효진', '1990-06-29', 'F'),
      ('user1079', 'user1079@artu.com', 'artuartu', '윤성민', '1995-07-11', 'M'),
      ('user1080', 'user1080@artu.com', 'artuartu', '박지수', '1993-08-23', 'F'),
      ('user1081', 'user1081@artu.com', 'artuartu', '이시연', '1994-09-04', 'F'),
      ('user1082', 'user1082@artu.com', 'artuartu', '정시연', '1991-10-16', 'F'),
      ('user1083', 'user1083@artu.com', 'artuartu', '윤지민', '1996-11-28', 'F'),
      ('user1084', 'user1084@artu.com', 'artuartu', '강서영', '1993-12-10', 'F'),
      ('user1085', 'user1085@artu.com', 'artuartu', '이재호', '1988-01-22', 'M'),
      ('user1086', 'user1086@artu.com', 'artuartu', '정성희', '1991-02-03', 'F'),
      ('user1087', 'user1087@artu.com', 'artuartu', '윤상희', '1995-03-17', 'M'),
      ('user1088', 'user1088@artu.com', 'artuartu', '박채윤', '1996-04-29', 'F'),
      ('user1089', 'user1089@artu.com', 'artuartu', '이효정', '1992-05-11', 'F'),
      ('user1090', 'user1090@artu.com', 'artuartu', '정찬미', '1993-06-23', 'F'),
      ('user1091', 'user1091@artu.com', 'artuartu', '윤해성', '1990-07-05', 'M'),
      ('user1092', 'user1092@artu.com', 'artuartu', '강서진', '1996-08-17', 'F'),
      ('user1093', 'user1093@artu.com', 'artuartu', '이우석', '1994-09-29', 'M'),
      ('user1094', 'user1094@artu.com', 'artuartu', '정슬기', '1991-10-11', 'F'),
      ('user1095', 'user1095@artu.com', 'artuartu', '윤혜정', '1992-11-23', 'F'),
      ('user1096', 'user1096@artu.com', 'artuartu', '강현주', '1997-12-05', 'F'),
      ('user1097', 'user1097@artu.com', 'artuartu', '이상훈', '1993-01-17', 'M'),
      ('user1098', 'user1098@artu.com', 'artuartu', '정유진', '1996-02-28', 'F'),
      ('user1099', 'user1099@artu.com', 'artuartu', '윤정은', '1995-03-12', 'F'),
      ('user1100', 'user1100@artu.com', 'artuartu', '강진수', '1991-04-24', 'M');


-- 프로필 이미지 테이블에 더미 데이터 추가
INSERT INTO user_img (prf_img_id, prf_img_url, user_id, create_at)
VALUES (1, 'https://dummyimage.com/500X500/808080/fff.jpg', 'user1', '2023-10-01 10:15:00'),
       (2, 'https://dummyimage.com/500X500/808080/fff.jpg', 'user2', '2023-10-02 11:30:00'),
       (3, 'https://dummyimage.com/500X500/808080/fff.jpg', 'user3', '2023-10-03 14:45:00'),
       (4, 'https://dummyimage.com/500X500/808080/fff.jpg', 'user4', '2023-10-04 09:20:00'),
       (5, 'https://dummyimage.com/500X500/808080/fff.jpg', 'user5', '2023-10-05 16:10:00');

INSERT INTO categories (ctgr_name, is_used_main, is_used_oneday)
VALUES ('음악', TRUE, TRUE),
       ('미술', TRUE, TRUE),
       ('춤', TRUE, TRUE),
       ('연기', TRUE, TRUE),
       ('뮤지컬', TRUE, TRUE),
       ('공예', TRUE, TRUE);

INSERT INTO rents (user_id, rt_name, rt_address, rt_capacity, rt_info)
VALUES ('user1', '대여 홀 A', '중앙로 123', 50, '이벤트 및 모임에 적합한 넓은 홀입니다.'),
       ('user2', '대여 방 B', '공원길 456', 20, '소규모 회의에 적합한 아늑한 방입니다.'),
       ('user3', '대여 공간 C', '광화문로 789', 100, '컨퍼런스 및 세미나에 적합한 대형 공간입니다.'),
       ('user4', '대여 지역 D', '센터로 101', 75, '워크숍 및 교육 세션에 적합한 다용도 공간입니다.'),
       ('user5', '대여 시설 E', '동쪽길 202', 30, '개인 행사 및 파티에 적합한 쾌적한 시설입니다.');


INSERT INTO events (ctgr_id, title, location, company, address, age_limit, how_long, is_approved, is_used, user_id)
VALUES (1, '음악 콘서트', '서울', '음악사', '서울 강남구 테헤란로 123', '12', 120, FALSE, TRUE, 'user1'),
       (1, '재즈 콘서트', '서울', '재즈 공연사', '서울 강남구 도산대로 234', '15', 120, FALSE, TRUE, 'user2'),
       (1, 'K-POP 페스티벌', '서울', '한류 공연사', '서울 송파구 올림픽로 777', '12', 140, FALSE, TRUE, 'user3'),
       (1, '록 페스티벌', '서울', '록 스피릿사', '서울 마포구 홍대로 123', '15', 150, FALSE, TRUE, 'user4'),
       (1, '클래식 페스티벌', '서울', '클래식 컴퍼니', '서울 성동구 왕십리로 999', '12', 160, FALSE, TRUE, 'user5'),
       (2, '미술 전시회', '부산', '미술관', '부산 해운대구 해운대로 456', '0', 180, FALSE, TRUE, 'user1'),
       (2, '현대 미술전', '부산', '현대 미술사', '부산 해운대구 센텀로 789', '0', 120, FALSE, TRUE, 'user1'),
       (2, '서양화 전시', '부산', '서양화 갤러리', '부산 수영구 광안로 888', '12', 180, FALSE, TRUE, 'user1'),
       (2, '일러스트 전시', '부산', '일러스트 갤러리', '부산 진구 동천로 666', '12', 120, FALSE, TRUE, 'user1'),
       (2, '디지털 아트전', '부산', '디지털 아트 선도부', '부산 해운대구 센텀로 321', '15', 120, FALSE, TRUE, 'user1'),
       (3, '댄스 공연', '대구', '댄스홀', '대구 수성구 무열로 789', '15', 90, FALSE, TRUE, 'user1'),
       (3, '스트리트 댄스', '대구', '댄스 스튜디오', '대구 수성구 범어로 456', '15', 100, FALSE, TRUE, 'user1'),
       (3, '탭 댄스', '대구', '탭댄스 공연단', '대구 중구 동성로 999', '12', 90, FALSE, TRUE, 'user1'),
       (3, '브레이크댄스 배틀', '대구', '브레이크댄스 아레나', '대구 북구 칠성로 777', '15', 120, FALSE, TRUE, 'user1'),
       (3, '모던 댄스 공연', '대구', '모던 댄스 지도부', '대구 달서구 월배로 222', '12', 180, FALSE, TRUE, 'user1'),
       (4, '연극 상영', '인천', '연극단', '인천 남동구 예술로 101', '19', 150, FALSE, TRUE, 'user1'),
       (4, '고전 연극', '인천', '고전 연극단', '인천 연수구 예술로 222', '0', 180, FALSE, TRUE, 'user1'),
       (4, '즉흥 연극', '인천', '즉흥 연극단', '인천 계양구 연극로 444', '0', 120, FALSE, TRUE, 'user1'),
       (4, '실험 연극', '인천', '실험 연극단', '인천 동구 에술로 555', '0', 120, FALSE, TRUE, 'user1'),
       (4, '인형극', '인천', '인형극단', '인천 남동구 에술로 606', '0', 90, FALSE, TRUE, 'user1'),
       (5, '뮤지컬', '광주', '뮤지컬 컴퍼니', '광주 서구 무진대로 202', '0', 200, FALSE, TRUE, 'user5'),
       (5, '창작 뮤지컬', '광주', '창작자들', '광주 동구 문화로 333', '12', 180, FALSE, TRUE, 'user1'),
       (5, '어린이 뮤지컬', '광주', '어린이 뮤지컬단', '광주 남구 문화로 555', '0', 120, FALSE, TRUE, 'user1'),
       (5, '고전 뮤지컬', '광주', '고전 뮤지컬단', '광주 북구 문화로 666', '12', 120, FALSE, TRUE, 'user1'),
       (5, '팝 뮤지컬', '광주', '팝 뮤지컬 컴퍼니', '광주 서구 무진대로 808', '15', 180, 0, 1, 'user1');
INSERT INTO chatrooms (chat_id, is_private, related_event, created_at, is_used)
VALUES (1, TRUE, 1, '2023-10-05 10:00:00', TRUE),
       (2, FALSE, 2, '2023-10-06 11:15:00', TRUE),
       (3, TRUE, 3, '2023-10-07 09:30:00', FALSE),
       (4, FALSE, 4, '2023-10-08 14:45:00', TRUE),
       (5, TRUE, 5, '2023-10-09 16:00:00', FALSE);

INSERT INTO oneday_classes (tchr_id, od_name, ctgr_id, location, address, min_mem, max_mem, is_aproved, is_used)
VALUES ('user1', '원데이 음악 클래스', 1, '서울', '서울 강남구 테헤란로 123', 5, 20, FALSE, TRUE),
       ('user2', '원데이 미술 클래스', 2, '부산', '부산 해운대구 해운대로 456', 3, 15, FALSE, TRUE),
       ('user3', '원데이 댄스 클래스', 3, '대구', '대구 수성구 무열로 789', 8, 25, FALSE, TRUE),
       ('user4', '원데이 연기 클래스', 4, '인천', '인천 남동구 예술로 101', 4, 12, FALSE, TRUE),
       ('user5', '원데이 뮤지컬 클래스', 5, '광주', '광주 서구 무진대로 202', 6, 18, FALSE, TRUE);

INSERT INTO agency (agency_id, name, address)
VALUES (1, 'Dream Talent Agency', '123 Talent Rd, Seoul'),
       (2, 'Star Entertainment', '456 Entertainment St, Busan'),
       (3, 'Bright Future Casting', '789 Future Ave, Incheon'),
       (4, 'Elite Arts Management', '101 Elite Blvd, Daegu'),
       (5, 'Global Casting Group', '202 Global Dr, Daejeon');

INSERT INTO actors (actor_id, name, prf_img_id, bday, agency_id, is_joined)
VALUES (1, 'Alice Kim', 1, '1976-05-29(', 1, TRUE),
       (2, 'John Park', 2, '2000-12-01', 2, TRUE),
       (3, 'Sophia Lee', 3, '2007-09-01', 3, TRUE),
       (4, 'Meryl Streep', 4, '1950-11-05', 4, FALSE),
       (5, 'Robert De Niro', 5, '1981-03-29', 5, FALSE);

INSERT INTO actors_images (img_id, img_url, actor_id, created_at)
VALUES (1, 'https://dummyimage.com/500X500/808080/fff.jpg', 1, NOW()),
       (2, 'https://dummyimage.com/500X500/808080/fff.jpg', 2, NOW()),
       (3, 'https://dummyimage.com/500X500/808080/fff.jpg', 3, NOW()),
       (4, 'https://dummyimage.com/500X500/808080/fff.jpg', 4, NOW()),
       (5, 'https://dummyimage.com/500X500/808080/fff.jpg', 5, NOW());

INSERT INTO event_cast (event_id, is_joined, user_id, actor_id, actor_role, gender)
VALUES (1, TRUE, 'user1', 1, 'main', 'F'),
       (2, FALSE, 'user2', 2, 'main', 'M'),
       (3, TRUE, 'user3', 3, 'sub', 'F'),
       (4, FALSE, 'user4', 4, 'director', 'F'),
       (5, TRUE, 'user5', 5, 'director', 'M');

INSERT INTO event_dates (date_id, event_id, event_date, event_price, is_used)
VALUES (1, 1, '2023-10-10', 5000, TRUE),
       (2, 2, '2023-10-15', 7000, TRUE),
       (3, 3, '2023-10-20', 10000, TRUE),
       (4, 4, '2023-10-25', 6000, FALSE),
       (5, 5, '2023-10-30', 8000, TRUE);

INSERT INTO event_detail_images (img_id, event_id, img_url, img_order, created_at)
VALUES (1, 1, 'https://dummyimage.com/500X500/808080/fff.jpg', 1, NOW()),
       (2, 2, 'https://dummyimage.com/500X500/808080/fff.jpg', 2, NOW()),
       (3, 3, 'https://dummyimage.com/500X500/808080/fff.jpg', 3, NOW()),
       (4, 4, 'https://dummyimage.com/500X500/808080/fff.jpg', 4, NOW()),
       (5, 5, 'https://dummyimage.com/500X500/808080/fff.jpg', 5, NOW());

INSERT INTO event_images (img_id, event_id, img_url, img_order, created_at)
VALUES (1, 1, 'https://dummyimage.com/500x500/808080/fff.jpg', 1, NOW()),
       (2, 2, 'https://dummyimage.com/500x500/808080/fff.jpg', 2, NOW()),
       (3, 3, 'https://dummyimage.com/500x500/808080/fff.jpg', 3, NOW()),
       (4, 4, 'https://dummyimage.com/500x500/808080/fff.jpg', 4, NOW()),
       (5, 5, 'https://dummyimage.com/500x500/808080/fff.jpg', 5, NOW());

INSERT INTO event_options (opt_id, date_id, opt_name, opt_price, goal_min, dc_rate, created_at)
VALUES (1, 1, 'VIP 패키지', 15000, 10, 10, NOW()),
       (2, 2, '일반 패키지', 10000, 15, 5, NOW()),
       (3, 3, '학생 할인 패키지', 8000, 5, 15, NOW()),
       (4, 4, '단체 패키지', 12000, 20, 20, NOW()),
       (5, 5, '얼리버드', 7000, 25, 30, NOW());

INSERT INTO event_reviews (review_id, user_id, event_id, rate, contents, is_used, created_at)
VALUES (1, 'user1', 1, 5, 'Amazing event! Had a great time.', TRUE, NOW()),
       (2, 'user2', 2, 4, 'Good experience but could improve.', TRUE, NOW()),
       (3, 'user3', 3, 3, 'It was okay, not too exciting.', TRUE, NOW()),
       (4, 'user4', 4, 2, 'Not satisfied with the event.', TRUE, NOW()),
       (5, 'user5', 5, 5, 'Absolutely fantastic! Highly recommend.', TRUE, NOW());

INSERT INTO event_review_images (image_id, user_id, img_url, create_at)
VALUES (1, 'user1', 'https://dummyimage.com/500x500/808080/fff.jpg', NOW()),
       (2, 'user2', 'https://dummyimage.com/500x500/808080/fff.jpg', NOW()),
       (3, 'user3', 'https://dummyimage.com/500x500/808080/fff.jpg', NOW()),
       (4, 'user4', 'https://dummyimage.com/500x500/808080/fff.jpg', NOW()),
       (5, 'user5', 'https://dummyimage.com/500x500/808080/fff.jpg', NOW());

INSERT INTO user_event_likes (user_id, event_related, created_at)
VALUES ('user1', 1, NOW()),
       ('user2', 2, NOW()),
       ('user3', 3, NOW()),
       ('user4', 4, NOW()),
       ('user5', 5, NOW());

INSERT INTO funding_categories (ctgr_id, ctgr_name, ctgr_contents)
VALUES (1, 'Arts & Culture', 'Projects focused on artistic and cultural activities.'),
       (2, 'Community Development', 'Initiatives aimed at improving local communities.'),
       (3, 'Education', 'Programs supporting educational opportunities and resources.'),
       (4, 'Environment', 'Efforts towards environmental preservation and sustainability.'),
       (5, 'Technology', 'Innovations and advancements in the field of technology.');

INSERT INTO fundings (fd_id, user_id, ctgr_id, fd_title, fd_goal_amount, created_at, fd_start_at, fd_end_at,
                      is_approved, is_used)
VALUES (1, 'user1', 1, 'Community Art Project', 100000, NOW(), '2023-11-01', '2023-12-01', TRUE, TRUE),
       (2, 'user2', 2, 'Neighborhood Cleanup Fundraiser', 50000, NOW(), '2023-11-05', '2023-12-15', TRUE, TRUE),
       (3, 'user3', 3, 'Local Music Festival Support', 150000, NOW(), '2023-11-10', '2023-12-20', FALSE, TRUE),
       (4, 'user4', 4, 'Animal Shelter Expansion Funding', 200000, NOW(), '2023-11-15', '2023-12-25', TRUE, FALSE),
       (5, 'user5', 5, 'Tech Education for Kids', 75000, NOW(), '2023-11-20', '2023-12-30', FALSE, TRUE);

INSERT INTO funding_images (fd_img_id, fd_id, fd_img_url, fd_img_order, created_at)
VALUES (1, 1, 'https://dummyimage.com/500x500/808080/fff.jpg', 1, NOW()),
       (2, 2, 'https://dummyimage.com/500x500/808080/fff.jpg', 2, NOW()),
       (3, 3, 'https://dummyimage.com/500x500/808080/fff.jpg', 3, NOW()),
       (4, 4, 'https://dummyimage.com/500x500/808080/fff.jpg', 4, NOW()),
       (5, 5, 'https://dummyimage.com/500x500/808080/fff.jpg', 5, NOW());

INSERT INTO funding_detail_images (img_id, fd_id, img_url, img_order, created_at)
VALUES (1, 1, 'https://dummyimage.com/500x500/808080/fff.jpg', 1, NOW()),
       (2, 2, 'https://dummyimage.com/500x500/808080/fff.jpg', 2, NOW()),
       (3, 3, 'https://dummyimage.com/500x500/808080/fff.jpg', 3, NOW()),
       (4, 4, 'https://dummyimage.com/500x500/808080/fff.jpg', 4, NOW()),
       (5, 5, 'https://dummyimage.com/500x500/808080/fff.jpg', 5, NOW());

INSERT INTO funding_options (opt_id, fd_id, opt_name, extra_fee)
VALUES (1, 1, 'Exclusive Backer Package', 2500),
       (2, 2, 'Early Access Bonus', 1500),
       (3, 3, 'Community Support Gift', 2000),
       (4, 4, 'VIP Contribution Package', 3000),
       (5, 5, 'Limited Edition Perk', 3500);

INSERT INTO funding_reviews (review_id, fd_id, user_id, rate, contents, is_used, created_at)
VALUES (1, 1, 'user1', 5, 'Absolutely loved this funding initiative!', TRUE, NOW()),
       (2, 2, 'user2', 4, 'Great cause, happy to contribute.', TRUE, NOW()),
       (3, 3, 'user3', 3, 'Good effort, but needs more clarity on goals.', TRUE, NOW()),
       (4, 4, 'user4', 2, 'Not what I expected. Could be organized better.', TRUE, NOW()),
       (5, 5, 'user5', 5, 'Fantastic project, exceeded my expectations!', TRUE, NOW());

INSERT INTO funding_review_images (img_id, user_id, img_url, created_at)
VALUES (1, 'user1', 'https://dummyimage.com/500x500/808080/fff.jpg', NOW()),
       (2, 'user2', 'https://dummyimage.com/500x500/808080/fff.jpg', NOW()),
       (3, 'user3', 'https://dummyimage.com/500x500/808080/fff.jpg', NOW()),
       (4, 'user4', 'https://dummyimage.com/500x500/808080/fff.jpg', NOW()),
       (5, 'user5', 'https://dummyimage.com/500x500/808080/fff.jpg', NOW());

INSERT INTO hashtags (tag_id, tagword, user_id, created_in)
VALUES (1, '음악', 'user1', NOW()),
       (2, '미술', 'user2', NOW()),
       (3, '춤', 'user3', NOW()),
       (4, '연기', 'user4', NOW()),
       (5, '뮤지컬', 'user5', NOW());

INSERT INTO messages (msg_id, writer, chatroom_id, msg_body, created_at, is_checked)
VALUES (1, 'user1', 1, 'Hello, how are you?', NOW(), TRUE),
       (2, 'user2', 2, 'I will send you the details soon.', NOW(), FALSE),
       (3, 'user3', 3, 'Looking forward to the meeting.', NOW(), TRUE),
       (4, 'user4', 4, 'Can you please confirm?', NOW(), FALSE),
       (5, 'user5', 5, 'Thank you for your response.', NOW(), TRUE);

INSERT INTO oneday_dates (date_id, od_id, od_price, od_date, is_used)
VALUES (1, 1, 50000, '2023-11-05', TRUE),
       (2, 2, 45000, '2023-11-06', TRUE),
       (3, 3, 60000, '2023-11-07', TRUE),
       (4, 4, 55000, '2023-11-08', TRUE),
       (5, 5, 48000, '2023-11-09', TRUE);

INSERT INTO oneday_images (img_id, od_id, img_url, img_order, created_at)
VALUES (1, 1, 'https://dummyimage.com/500x500/808080/fff.jpg', 1, NOW()),
       (2, 2, 'https://dummyimage.com/500x500/808081/fff.jpg', 2, NOW()),
       (3, 3, 'https://dummyimage.com/500x500/808082/fff.jpg', 3, NOW()),
       (4, 4, 'https://dummyimage.com/500x500/808083/fff.jpg', 4, NOW()),
       (5, 5, 'https://dummyimage.com/500x500/808084/fff.jpg', 5, NOW());

INSERT INTO oneday_detail_images (img_id, od_id, img_url, img_order, created_at)
VALUES (1, 1, 'https://dummyimage.com/650x650/808080/fff.jpg', 1, NOW()),
       (2, 2, 'https://dummyimage.com/650x650/808081/fff.jpg', 2, NOW()),
       (3, 3, 'https://dummyimage.com/650x650/808082/fff.jpg', 3, NOW()),
       (4, 4, 'https://dummyimage.com/650x650/808083/fff.jpg', 4, NOW()),
       (5, 5, 'https://dummyimage.com/650x650/808084/fff.jpg', 5, NOW());

INSERT INTO oneday_options (opt_id, date_id, opt_name, opt_price, created_at)
VALUES (1, 1, 'Beginner Materials Package', 25000, NOW()),
       (2, 2, 'Advanced Tools Package', 30000, NOW()),
       (3, 3, 'Exclusive Class Notes', 20000, NOW()),
       (4, 4, 'VIP Pass', 40000, NOW()),
       (5, 5, 'Post-Class Q&A Session', 15000, NOW());

INSERT INTO oneday_reviews (review_id, user_id, od_id, contents, rate, is_used, created_at)
VALUES (1, 'user1', 1, 'Amazing experience, learned a lot!', 5, TRUE, NOW()),
       (2, 'user2', 2, 'The session was well-organized and fun.', 4, TRUE, NOW()),
       (3, 'user3', 3, 'Good overall, but could use more examples.', 3, TRUE, NOW()),
       (4, 'user4', 4, 'Not as interesting as I hoped.', 2, TRUE, NOW()),
       (5, 'user5', 5, 'Incredible class! Would highly recommend it.', 5, TRUE, NOW());

INSERT INTO oneday_review_images (img_id, user_id, img_url, created_at)
VALUES (1, 'user1', 'https://dummyimage.com/500x500/808080/fff.jpg', NOW()),
       (2, 'user2', 'https://dummyimage.com/500x500/808081/fff.jpg', NOW()),
       (3, 'user3', 'https://dummyimage.com/500x500/808082/fff.jpg', NOW()),
       (4, 'user4', 'https://dummyimage.com/500x500/808083/fff.jpg', NOW()),
       (5, 'user5', 'https://dummyimage.com/500x500/808084/fff.jpg', NOW());

INSERT INTO password_change_histories (change_id, user_id, old_pw, changed_at)
VALUES (1, 'user1', 'oldpassword1', NOW()),
       (2, 'user2', 'oldpassword2', NOW()),
       (3, 'user3', 'oldpassword3', NOW()),
       (4, 'user4', 'oldpassword4', NOW()),
       (5, 'user5', 'oldpassword5', NOW());

INSERT INTO postings (post_id, user_id, contents, location_tag, person_tag_id, visibility_type, created_at, edit_at,
                      is_used)
VALUES (1, 'user1', 'Exploring the city!', 'Central Park', 'user3', 'All', NOW(), NOW(), TRUE),
       (2, 'user2', 'Had a great time at the concert!', 'Madison Square Garden', 'user5', 'Friends', NOW(), NOW(),
        TRUE),
       (3, 'user3', 'Loving this new book I found!', 'Library', 'user2', 'All', NOW(), NOW(), TRUE),
       (4, 'user4', 'Workout session complete!', 'Golds Gym', 'user4', 'Private', NOW(), NOW(), TRUE),
       (5, 'user5', 'Vacation vibes!', 'Hawaii', 'user1', 'All', NOW(), NOW(), TRUE);

INSERT INTO posting_like (user_id, post_id, liked_at)
VALUES ('user1', 1, NOW()),
       ('user2', 2, NOW()),
       ('user3', 3, NOW()),
       ('user4', 4, NOW()),
       ('user5', 5, NOW());

INSERT INTO posting_images (img_id, post_id, img_order, img_url, created_at)
VALUES (1, 1, 1, 'https://dummyimage.com/500x500/808090/fff.jpg', NOW()),
       (2, 2, 1, 'https://dummyimage.com/500x500/808091/fff.jpg', NOW()),
       (3, 3, 1, 'https://dummyimage.com/500x500/808092/fff.jpg', NOW()),
       (4, 4, 1, 'https://dummyimage.com/500x500/808093/fff.jpg', NOW()),
       (5, 5, 1, 'https://dummyimage.com/500x500/808094/fff.jpg', NOW());

INSERT INTO posting_comments (comment_id, user_id, post_id, contents, created_at, is_used)
VALUES (1, 'user5', 1, 'Great post! I love it.', NOW(), TRUE),
       (2, 'user4', 2, 'This is so inspiring!', NOW(), TRUE),
       (3, 'user3', 3, 'Thanks for sharing this.', NOW(), TRUE),
       (4, 'user2', 4, 'Amazing work!', NOW(), TRUE),
       (5, 'user1', 5, 'This made my day!', NOW(), TRUE);

INSERT INTO rents (rt_id, user_id, rt_name, rt_address, rt_capacity, rt_info, created_at)
VALUES (6, 'user1', 'Ocean View Apartment', '123 Beach Road, Miami', 4,
        'A beautiful beachside apartment with stunning views.', NOW()),
       (7, 'user2', 'City Center Condo', '456 Downtown Lane, New York', 3,
        'Convenient location, perfect for exploring the city.', NOW()),
       (8, 'user3', 'Mountain Cabin', '789 Hilltop Drive, Denver', 6,
        'Rustic cabin surrounded by breathtaking mountain scenery.', NOW()),
       (9, 'user4', 'Lakefront Villa', '101 Lakeside Ave, Chicago', 8,
        'Luxurious villa with direct access to the lake.', NOW()),
       (10, 'user5', 'Cozy Studio', '202 Quiet Street, Austin', 2,
        'A small yet cozy studio in a peaceful neighborhood.', NOW());

INSERT INTO rent_rooms (room_id, rt_id, room_name, price_per_unit, rt_unit, ctgr, min_time)
VALUES (1, 1, 'Ocean Suite', 150, 'day', 'Premium', 1),
       (2, 1, 'Balcony Room', 100, 'day', 'Standard', 1),
       (3, 2, 'City View Room', 120, 'hour', 'Standard', 2),
       (4, 3, 'Loft Room', 200, 'hour', 'Deluxe', 3),
       (5, 4, 'Lakeview Master', 300, 'hour', 'Luxury', 2);

INSERT INTO rent_reviews (review_id, rt_id, user_id, rate, contents, is_used, created_at)
VALUES (1, 1, 'user1', 5, 'Beautiful place with an amazing view!', TRUE, NOW()),
       (2, 2, 'user2', 4, 'Very convenient location, but a bit noisy.', TRUE, NOW()),
       (3, 3, 'user3', 5, 'The cabin was cozy and perfect for our getaway!', TRUE, NOW()),
       (4, 4, 'user4', 3, 'The villa was nice, but some amenities were lacking.', TRUE, NOW()),
       (5, 5, 'user5', 5, 'Perfect spot for a peaceful retreat, loved it!', TRUE, NOW());

INSERT INTO rent_review_images (img_id, user_id, img_url, created_at)
VALUES (1, 'user1', 'https://dummyimage.com/500x500/808100/fff.jpg', NOW()),
       (2, 'user2', 'https://dummyimage.com/500x500/808200/fff.jpg', NOW()),
       (3, 'user3', 'https://dummyimage.com/500x500/808300/fff.jpg', NOW()),
       (4, 'user4', 'https://dummyimage.com/500x500/808400/fff.jpg', NOW()),
       (5, 'user5', 'https://dummyimage.com/500x500/808500/fff.jpg', NOW());

INSERT INTO rent_item_options (opt_id, rt_id, opt_name, extra_fee)
VALUES (1, 1, 'Breakfast', 20),
       (2, 2, 'Parking', 15),
       (3, 3, 'Firewood Bundle', 25),
       (4, 4, 'Boat Rental', 50),
       (5, 5, 'Room Cleaning', 30);

INSERT INTO rent_images (rt_img_id, rt_id, img_order, img_url, created_at)
VALUES (1, 1, 1, 'https://dummyimage.com/500x500/809000/fff.jpg', NOW()),
       (2, 2, 1, 'https://dummyimage.com/500x500/809001/fff.jpg', NOW()),
       (3, 3, 1, 'https://dummyimage.com/500x500/809002/fff.jpg', NOW()),
       (4, 4, 1, 'https://dummyimage.com/500x500/809003/fff.jpg', NOW()),
       (5, 5, 1, 'https://dummyimage.com/500x500/809004/fff.jpg', NOW());

INSERT INTO rent_detail_images (img_id, rt_id, img_url, img_order, user_id, created_at)
VALUES (1, 1, 'https://dummyimage.com/600x400/809005/fff.jpg', 1, 'user1', NOW()),
       (2, 2, 'https://dummyimage.com/600x400/809006/fff.jpg', 2, 'user2', NOW()),
       (3, 3, 'https://dummyimage.com/600x400/809007/fff.jpg', 3, 'user3', NOW()),
       (4, 4, 'https://dummyimage.com/600x400/809008/fff.jpg', 4, 'user4', NOW()),
       (5, 5, 'https://dummyimage.com/600x400/809009/fff.jpg', 5, 'user5', NOW());

INSERT INTO rent_dates (rt_date_id, rt_id, rt_date, rt_price)
VALUES (1, 1, '2023-10-01', 200),
       (2, 2, '2023-10-02', 150),
       (3, 3, '2023-10-03', 250),
       (4, 4, '2023-10-04', 300),
       (5, 5, '2023-10-05', 180);

INSERT INTO search_words (key_id, keyword, user_id, search_at)
VALUES (1, 'vacation', 'user1', NOW()),
       (2, 'apartment', 'user2', NOW()),
       (3, 'beach', 'user3', NOW()),
       (4, 'mountain', 'user4', NOW()),
       (5, 'studio', 'user5', NOW());

INSERT INTO user_carts (cart_id, user_id, product_id, product_type, opt_id, opt_count)
VALUES (1, 'user1', 101, 'funding', 1, 2),
       (2, 'user2', 102, 'event', 2, 1),
       (3, 'user3', 103, 'rent', 3, 4),
       (4, 'user4', 104, 'oneday', 4, 1),
       (5, 'user5', 105, 'rent', 5, 3);

INSERT INTO user_coupons (coupon_id, user_id, dc_price, coupon_name, coupon_details, requirement, end_date, is_used)
VALUES (1, 'user1', 20, 'Welcome Discount', 'Get $20 off on your first booking.', TRUE, '2023-12-31',
        FALSE),
       (2, 'user2', 15, 'Holiday Special', 'Enjoy $15 off this holiday season.', FALSE,
        '2024-01-15', FALSE),
       (3, 'user3', 25, 'Loyalty Reward', 'Reward for loyal customers: $25 off.', FALSE,
        '2024-06-30', FALSE),
       (4, 'user4', 10, 'Midweek Promo', 'Save $10 on midweek stays.', TRUE,
        '2024-03-31', FALSE),
       (5, 'user5', 30, 'Special Event Offer', '$30 discount for event participants.', TRUE,
        '2024-02-28', FALSE);

INSERT INTO user_enter_chatroom (chat_id, user_id, entered_at)
VALUES (1, 'user1', NOW()),
       (2, 'user2', NOW()),
       (3, 'user3', NOW()),
       (4, 'user4', NOW()),
       (5, 'user5', NOW());

INSERT INTO user_event_bmarks (user_id, event_related, created_at)
VALUES ('user1', 1, NOW()),
       ('user2', 2, NOW()),
       ('user3', 3, NOW()),
       ('user4', 4, NOW()),
       ('user5', 5, NOW());


INSERT INTO user_follow (follower_id, followee_id, followed_at)
VALUES ('user1', 'user2', NOW()),
       ('user2', 'user3', NOW()),
       ('user3', 'user4', NOW()),
       ('user4', 'user5', NOW()),
       ('user5', 'user1', NOW());

INSERT INTO user_funding_bmarks (fd_id, user_id, created_at)
VALUES (1, 'user1', NOW()),
       (2, 'user2', NOW()),
       (3, 'user3', NOW()),
       (4, 'user4', NOW()),
       (5, 'user5', NOW());


INSERT INTO user_funding_likes (fd_id, user_id, created_at)
VALUES (1, 'user1', NOW()),
       (2, 'user2', NOW()),
       (3, 'user3', NOW()),
       (4, 'user4', NOW()),
       (5, 'user5', NOW());


INSERT INTO user_img (prf_img_id, prf_img_url, user_id, create_at)
VALUES (6, 'https://dummyimage.com/500x500/ff0000/fff.jpg', 'user1', NOW()),
       (7, 'https://dummyimage.com/500x500/00ff00/fff.jpg', 'user2', NOW()),
       (8, 'https://dummyimage.com/500x500/0000ff/fff.jpg', 'user3', NOW()),
       (9, 'https://dummyimage.com/500x500/ffff00/fff.jpg', 'user4', NOW()),
       (10, 'https://dummyimage.com/500x500/ff00ff/fff.jpg', 'user5', NOW());


INSERT INTO user_points (point_id, user_id, point_value, point_reason, is_used)
VALUES (1, 'user1', 100, 'Registration bonus', FALSE),
       (2, 'user2', 200, 'Event participation', FALSE),
       (3, 'user3', 150, 'Coupon redemption', FALSE),
       (4, 'user4', 300, 'Referral reward', TRUE),
       (5, 'user5', 250, 'Purchase cashback', TRUE);

INSERT INTO user_purchase_lists (payment_id, user_id, product_id, product_type, opt_id, opt_count, point_id, coupon_id,
                                 delivery_status)
VALUES (1, 'user1', 1, 'funding', 1, 2, 1, NULL, '구매접수'),
       (2, 'user2', 2, 'event', 2, 1, 2, NULL, '배송준비'),
       (3, 'user3', 3, 'rent', 3, 4, 3, NULL, '배송중'),
       (4, 'user4', 4, 'oneday', 4, 1, 4, 4, '배송완료'),
       (5, 'user5', 5, 'rent', 5, 3, 5, 5, '구매접수');

INSERT INTO user_inquires (inquire_id, user_id, inquire_category, payment_id, title, contents, inquiry_img_url,
                           created_at, inquiry_state, state_updated_at)
VALUES (1, 'user6', '계정', 1, 'Question about pricing', 'Can I have detailed pricing information?',
        'https://dummyimage.com/600x400/808080/fff.jpg', NOW(), 'Completed', NOW()),
       (2, 'user7', '결제', 2, 'Issue with Payment', 'I am unable to process my payment, please assist.',
        'https://dummyimage.com/600x400/808080/fff.jpg', NOW(), 'Pending', NOW()),
       (3, 'user8', '기타', 3, 'Booking Inquiry', 'I need help with my booking confirmation.',
        'https://dummyimage.com/600x400/808080/fff.jpg', NOW(), 'Completed', NOW()),
       (4, 'user9', '데이터등록', 4, 'Cancellation Policy', 'Can you explain the cancellation charges?',
        'https://dummyimage.com/600x400/808080/fff.jpg', NOW(), 'Pending', NOW()),
       (5, 'user10', '계정', 5, 'Feedback on Services', 'Your services are great but can be improved.',
        'https://dummyimage.com/600x400/808080/fff.jpg', NOW(), 'Completed', NOW());

INSERT INTO user_inquire_replies (reply_id, inquire_id, reply_contents, replied_at, counselor_id)
VALUES (1, 1, 'Thank you for reaching out! Here is the information you requested.', NOW(), 'counselor1'),
       (2, 2, 'Please check the attached documents for your requested details.', NOW(), 'counselor2'),
       (3, 3, 'We are working on your inquiry and will update you shortly.', NOW(), 'counselor3'),
       (4, 4, 'Your concern has been forwarded to the appropriate department.', NOW(), 'counselor4'),
       (5, 5, 'Let us know if there is anything else we can help you with.', NOW(), 'counselor5');


INSERT INTO user_interests (user_id, ctgr_id, interest_order)
VALUES ('user1', 1, 1000),
       ('user1', 2, 2000),
       ('user1', 3, 3000),
       ('user1', 4, 4000),
       ('user1', 5, 5000),
       ('user2', 2, 1000),
       ('user2', 4, 2000),
       ('user2', 3, 3000),
       ('user2', 1, 4000),
       ('user2', 5, 5000),
       ('user3', 5, 1000),
       ('user3', 4, 2000),
       ('user3', 3, 3000),
       ('user3', 2, 4000),
       ('user3', 1, 5000),
       ('user4', 4, 1000),
       ('user4', 2, 2000),
       ('user4', 5, 3000),
       ('user4', 1, 4000),
       ('user4', 3, 5000),
       ('user5', 3, 1000),
       ('user5', 2, 2000),
       ('user5', 4, 3000),
       ('user5', 5, 4000),
       ('user5', 1, 5000);

INSERT INTO user_oneday_bmarks (user_id, od_id, created_at)
VALUES ('user1', 1, NOW()),
       ('user2', 2, NOW()),
       ('user3', 3, NOW()),
       ('user4', 4, NOW()),
       ('user5', 5, NOW());

INSERT INTO user_oneday_likes (user_id, od_id, created_at)
VALUES ('user1', 1, NOW()),
       ('user2', 2, NOW()),
       ('user3', 3, NOW()),
       ('user4', 4, NOW()),
       ('user5', 5, NOW());

INSERT INTO user_rent_bmarks (user_id, rt_id, created_at)
VALUES ('user1', 1, NOW()),
       ('user2', 2, NOW()),
       ('user3', 3, NOW()),
       ('user4', 4, NOW()),
       ('user5', 5, NOW());

INSERT INTO user_rent_likes (user_id, rt_id, created_at)
VALUES ('user1', 1, NOW()),
       ('user2', 2, NOW()),
       ('user3', 3, NOW()),
       ('user4', 4, NOW()),
       ('user5', 5, NOW());

INSERT INTO user_settings (setting_id, user_id, display_color, language, set_at)
VALUES (1, 'user1', 'Dark', 'System', NOW()),
       (2, 'user2', 'Light', 'English', NOW()),
       (3, 'user3', 'Dark', 'Korean', NOW()),
       (4, 'user4', 'Light', 'System', NOW()),
       (5, 'user5', 'Dark', 'Korean', NOW());


INSERT INTO userlogin_logs (log_id, user_id, login_at, ip_address, user_agent)
VALUES (1, 'user1', NOW(), '192.168.1.1',
        'Mozilla/5.0 (Windows NT 10.0; Win64; x64) AppleWebKit/537.36 (KHTML, like Gecko) Chrome/90.0.4430.212 Safari/537.36'),
       (2, 'user2', NOW(), '192.168.1.2',
        'Mozilla/5.0 (Macintosh; Intel Mac OS X 10_15_7) AppleWebKit/537.36 (KHTML, like Gecko) Chrome/91.0.4472.77 Safari/537.36'),
       (3, 'user3', NOW(), '192.168.1.3',
        'Mozilla/5.0 (iPhone; CPU iPhone OS 14_6 like Mac OS X) AppleWebKit/605.1.15 (KHTML, like Gecko) Version/14.0 Mobile/15E148 Safari/604.1'),
       (4, 'user4', NOW(), '192.168.1.4',
        'Mozilla/5.0 (Linux; Android 11; SM-A515F) AppleWebKit/537.36 (KHTML, like Gecko) Chrome/91.0.4472.120 Mobile Safari/537.36'),
       (5, 'user5', NOW(), '192.168.1.5',
        'Mozilla/5.0 (Windows NT 10.0; Win64; x64; rv:89.0) Gecko/20100101 Firefox/89.0');


INSERT INTO widgets (widget_id, user_id, widget_size, widget_is_used, widget_theme)
VALUES (1, 'user1', '1', TRUE, 'Light'),
       (2, 'user2', '2', FALSE, 'Dark'),
       (3, 'user3', '3', TRUE, 'Light'),
       (4, 'user4', '1', FALSE, 'Dark'),
       (5, 'user5', '2', TRUE, 'Light');


INSERT INTO widget_details (user_id, widget_id, info_name, widget_json)
VALUES ('user1', 1, 'Calendar Info', '{
  "type": "calendar",
  "data": {
    "format": "monthly",
    "theme": "dark"
  }
}'),
       ('user2', 2, 'Task Widget', '{
         "type": "task",
         "data": {
           "priorityLevel": "high",
           "theme": "light"
         }
       }'),
       ('user3', 3, 'Weather Update', '{
         "type": "weather",
         "data": {
           "location": "New York",
           "unit": "Celsius"
         }
       }'),
       ('user4', 4, 'Notes Widget', '{
         "type": "notes",
         "data": {
           "fontSize": "medium",
           "theme": "dark"
         }
       }'),
       ('user5', 5, 'Finance Tracker', '{
         "type": "finance",
         "data": {
           "currency": "USD",
           "theme": "light"
         }
       }');
